[
    {
        "id": 1,
        "title": "Account & Finance",
        "available": "300+ Jobs Available",
        "logo": "https://img.freepik.com/free-vector/illustration-calculator-machine_53876-5566.jpg?w=740&t=st=1681135895~exp=1681136495~hmac=9b4b3931ac77d9e8850db58e8f4205a1b5ed06a516c71969c050f992e6603296"
    },
    {
        "id": 2,
        "title": "Creative Design",
        "available": "100+ Jobs Available",
        "logo": "https://img.freepik.com/free-vector/illustration-light-bulb-icon_53876-5597.jpg?w=740&t=st=1681135862~exp=1681136462~hmac=2dff853e6ca160d9427b939dd5d63b914df231c1f989d39724247c098051b265"
    },
    {
        "id": 3,
        "title": "Marketing & Sales",
        "available": "150+ Jobs Available",
        "logo": "https://img.freepik.com/free-vector/illustration-loudspeaker-icon_53876-5840.jpg?w=740&t=st=1681136005~exp=1681136605~hmac=038b124dcc8e86797334f6aa3859130333e1fa86188ee41a7f99fd31d87fdd03"
    },
    {
        "id": 4,
        "title": "Engineering Job",
        "available": "220+ Jobs Available",
        "logo": "https://tse3.mm.bing.net/th?id=OIP.SYLhRvmOcfWhnDL5UcyP0gHaG3&pid=Api&P=0&h=180"
    },
    {
        "id": 5,
        "title": "Software Developer Job",
        "available": "500+ Jobs Available",
        "logo": "https://toppng.com/uploads/preview/software-development-software-development-logo-11563028825p01adp1itw.png"
    }
    
]